EndianUtils.java,org.apache.tika.io.EndianUtils,org.pitest.mutationtest.engine.gregor.mutators.returns.PrimitiveReturnsMutator,getIntBE,373,NO_COVERAGE,none
EndianUtils.java,org.apache.tika.io.EndianUtils,org.pitest.mutationtest.engine.gregor.mutators.IncrementsMutator,getIntBE,385,NO_COVERAGE,none
EndianUtils.java,org.apache.tika.io.EndianUtils,org.pitest.mutationtest.engine.gregor.mutators.IncrementsMutator,getIntBE,386,NO_COVERAGE,none
EndianUtils.java,org.apache.tika.io.EndianUtils,org.pitest.mutationtest.engine.gregor.mutators.IncrementsMutator,getIntBE,387,NO_COVERAGE,none
EndianUtils.java,org.apache.tika.io.EndianUtils,org.pitest.mutationtest.engine.gregor.mutators.IncrementsMutator,getIntBE,388,NO_COVERAGE,none
EndianUtils.java,org.apache.tika.io.EndianUtils,org.pitest.mutationtest.engine.gregor.mutators.MathMutator,getIntBE,385,NO_COVERAGE,none
EndianUtils.java,org.apache.tika.io.EndianUtils,org.pitest.mutationtest.engine.gregor.mutators.MathMutator,getIntBE,386,NO_COVERAGE,none
EndianUtils.java,org.apache.tika.io.EndianUtils,org.pitest.mutationtest.engine.gregor.mutators.MathMutator,getIntBE,387,NO_COVERAGE,none
EndianUtils.java,org.apache.tika.io.EndianUtils,org.pitest.mutationtest.engine.gregor.mutators.MathMutator,getIntBE,388,NO_COVERAGE,none
EndianUtils.java,org.apache.tika.io.EndianUtils,org.pitest.mutationtest.engine.gregor.mutators.MathMutator,getIntBE,389,NO_COVERAGE,none
EndianUtils.java,org.apache.tika.io.EndianUtils,org.pitest.mutationtest.engine.gregor.mutators.MathMutator,getIntBE,389,NO_COVERAGE,none
EndianUtils.java,org.apache.tika.io.EndianUtils,org.pitest.mutationtest.engine.gregor.mutators.MathMutator,getIntBE,389,NO_COVERAGE,none
EndianUtils.java,org.apache.tika.io.EndianUtils,org.pitest.mutationtest.engine.gregor.mutators.MathMutator,getIntBE,389,NO_COVERAGE,none
EndianUtils.java,org.apache.tika.io.EndianUtils,org.pitest.mutationtest.engine.gregor.mutators.MathMutator,getIntBE,389,NO_COVERAGE,none
EndianUtils.java,org.apache.tika.io.EndianUtils,org.pitest.mutationtest.engine.gregor.mutators.MathMutator,getIntBE,389,NO_COVERAGE,none
EndianUtils.java,org.apache.tika.io.EndianUtils,org.pitest.mutationtest.engine.gregor.mutators.returns.PrimitiveReturnsMutator,getIntBE,389,NO_COVERAGE,none
EndianUtils.java,org.apache.tika.io.EndianUtils,org.pitest.mutationtest.engine.gregor.mutators.returns.PrimitiveReturnsMutator,getIntLE,347,NO_COVERAGE,none
EndianUtils.java,org.apache.tika.io.EndianUtils,org.pitest.mutationtest.engine.gregor.mutators.IncrementsMutator,getIntLE,359,NO_COVERAGE,none
EndianUtils.java,org.apache.tika.io.EndianUtils,org.pitest.mutationtest.engine.gregor.mutators.IncrementsMutator,getIntLE,360,NO_COVERAGE,none
EndianUtils.java,org.apache.tika.io.EndianUtils,org.pitest.mutationtest.engine.gregor.mutators.IncrementsMutator,getIntLE,361,NO_COVERAGE,none
EndianUtils.java,org.apache.tika.io.EndianUtils,org.pitest.mutationtest.engine.gregor.mutators.IncrementsMutator,getIntLE,362,NO_COVERAGE,none
EndianUtils.java,org.apache.tika.io.EndianUtils,org.pitest.mutationtest.engine.gregor.mutators.MathMutator,getIntLE,359,NO_COVERAGE,none
EndianUtils.java,org.apache.tika.io.EndianUtils,org.pitest.mutationtest.engine.gregor.mutators.MathMutator,getIntLE,360,NO_COVERAGE,none
EndianUtils.java,org.apache.tika.io.EndianUtils,org.pitest.mutationtest.engine.gregor.mutators.MathMutator,getIntLE,361,NO_COVERAGE,none
EndianUtils.java,org.apache.tika.io.EndianUtils,org.pitest.mutationtest.engine.gregor.mutators.MathMutator,getIntLE,362,NO_COVERAGE,none
EndianUtils.java,org.apache.tika.io.EndianUtils,org.pitest.mutationtest.engine.gregor.mutators.MathMutator,getIntLE,363,NO_COVERAGE,none
EndianUtils.java,org.apache.tika.io.EndianUtils,org.pitest.mutationtest.engine.gregor.mutators.MathMutator,getIntLE,363,NO_COVERAGE,none
EndianUtils.java,org.apache.tika.io.EndianUtils,org.pitest.mutationtest.engine.gregor.mutators.MathMutator,getIntLE,363,NO_COVERAGE,none
EndianUtils.java,org.apache.tika.io.EndianUtils,org.pitest.mutationtest.engine.gregor.mutators.MathMutator,getIntLE,363,NO_COVERAGE,none
EndianUtils.java,org.apache.tika.io.EndianUtils,org.pitest.mutationtest.engine.gregor.mutators.MathMutator,getIntLE,363,NO_COVERAGE,none
EndianUtils.java,org.apache.tika.io.EndianUtils,org.pitest.mutationtest.engine.gregor.mutators.MathMutator,getIntLE,363,NO_COVERAGE,none
EndianUtils.java,org.apache.tika.io.EndianUtils,org.pitest.mutationtest.engine.gregor.mutators.returns.PrimitiveReturnsMutator,getIntLE,363,NO_COVERAGE,none
EndianUtils.java,org.apache.tika.io.EndianUtils,org.pitest.mutationtest.engine.gregor.mutators.ConditionalsBoundaryMutator,getLongLE,446,NO_COVERAGE,none
EndianUtils.java,org.apache.tika.io.EndianUtils,org.pitest.mutationtest.engine.gregor.mutators.IncrementsMutator,getLongLE,446,NO_COVERAGE,none
EndianUtils.java,org.apache.tika.io.EndianUtils,org.pitest.mutationtest.engine.gregor.mutators.MathMutator,getLongLE,446,NO_COVERAGE,none
EndianUtils.java,org.apache.tika.io.EndianUtils,org.pitest.mutationtest.engine.gregor.mutators.MathMutator,getLongLE,446,NO_COVERAGE,none
EndianUtils.java,org.apache.tika.io.EndianUtils,org.pitest.mutationtest.engine.gregor.mutators.MathMutator,getLongLE,447,NO_COVERAGE,none
EndianUtils.java,org.apache.tika.io.EndianUtils,org.pitest.mutationtest.engine.gregor.mutators.MathMutator,getLongLE,448,NO_COVERAGE,none
EndianUtils.java,org.apache.tika.io.EndianUtils,org.pitest.mutationtest.engine.gregor.mutators.MathMutator,getLongLE,448,NO_COVERAGE,none
EndianUtils.java,org.apache.tika.io.EndianUtils,org.pitest.mutationtest.engine.gregor.mutators.NegateConditionalsMutator,getLongLE,446,NO_COVERAGE,none
EndianUtils.java,org.apache.tika.io.EndianUtils,org.pitest.mutationtest.engine.gregor.mutators.returns.PrimitiveReturnsMutator,getLongLE,450,NO_COVERAGE,none
EndianUtils.java,org.apache.tika.io.EndianUtils,org.pitest.mutationtest.engine.gregor.mutators.returns.PrimitiveReturnsMutator,getShortBE,303,NO_COVERAGE,none
EndianUtils.java,org.apache.tika.io.EndianUtils,org.pitest.mutationtest.engine.gregor.mutators.returns.PrimitiveReturnsMutator,getShortBE,314,NO_COVERAGE,none
EndianUtils.java,org.apache.tika.io.EndianUtils,org.pitest.mutationtest.engine.gregor.mutators.returns.PrimitiveReturnsMutator,getShortLE,259,NO_COVERAGE,none
EndianUtils.java,org.apache.tika.io.EndianUtils,org.pitest.mutationtest.engine.gregor.mutators.returns.PrimitiveReturnsMutator,getShortLE,270,NO_COVERAGE,none
EndianUtils.java,org.apache.tika.io.EndianUtils,org.pitest.mutationtest.engine.gregor.mutators.MathMutator,getUByte,472,NO_COVERAGE,none
EndianUtils.java,org.apache.tika.io.EndianUtils,org.pitest.mutationtest.engine.gregor.mutators.returns.PrimitiveReturnsMutator,getUByte,472,NO_COVERAGE,none
EndianUtils.java,org.apache.tika.io.EndianUtils,org.pitest.mutationtest.engine.gregor.mutators.returns.PrimitiveReturnsMutator,getUIntBE,421,NO_COVERAGE,none
EndianUtils.java,org.apache.tika.io.EndianUtils,org.pitest.mutationtest.engine.gregor.mutators.MathMutator,getUIntBE,433,NO_COVERAGE,none
EndianUtils.java,org.apache.tika.io.EndianUtils,org.pitest.mutationtest.engine.gregor.mutators.returns.PrimitiveReturnsMutator,getUIntBE,433,NO_COVERAGE,none
EndianUtils.java,org.apache.tika.io.EndianUtils,org.pitest.mutationtest.engine.gregor.mutators.returns.PrimitiveReturnsMutator,getUIntLE,399,NO_COVERAGE,none
EndianUtils.java,org.apache.tika.io.EndianUtils,org.pitest.mutationtest.engine.gregor.mutators.MathMutator,getUIntLE,411,NO_COVERAGE,none
EndianUtils.java,org.apache.tika.io.EndianUtils,org.pitest.mutationtest.engine.gregor.mutators.returns.PrimitiveReturnsMutator,getUIntLE,411,NO_COVERAGE,none
EndianUtils.java,org.apache.tika.io.EndianUtils,org.pitest.mutationtest.engine.gregor.mutators.returns.PrimitiveReturnsMutator,getUShortBE,324,NO_COVERAGE,none
EndianUtils.java,org.apache.tika.io.EndianUtils,org.pitest.mutationtest.engine.gregor.mutators.MathMutator,getUShortBE,335,NO_COVERAGE,none
EndianUtils.java,org.apache.tika.io.EndianUtils,org.pitest.mutationtest.engine.gregor.mutators.MathMutator,getUShortBE,336,NO_COVERAGE,none
EndianUtils.java,org.apache.tika.io.EndianUtils,org.pitest.mutationtest.engine.gregor.mutators.MathMutator,getUShortBE,336,NO_COVERAGE,none
EndianUtils.java,org.apache.tika.io.EndianUtils,org.pitest.mutationtest.engine.gregor.mutators.MathMutator,getUShortBE,337,NO_COVERAGE,none
EndianUtils.java,org.apache.tika.io.EndianUtils,org.pitest.mutationtest.engine.gregor.mutators.MathMutator,getUShortBE,337,NO_COVERAGE,none
EndianUtils.java,org.apache.tika.io.EndianUtils,org.pitest.mutationtest.engine.gregor.mutators.returns.PrimitiveReturnsMutator,getUShortBE,337,NO_COVERAGE,none
EndianUtils.java,org.apache.tika.io.EndianUtils,org.pitest.mutationtest.engine.gregor.mutators.returns.PrimitiveReturnsMutator,getUShortLE,280,NO_COVERAGE,none
EndianUtils.java,org.apache.tika.io.EndianUtils,org.pitest.mutationtest.engine.gregor.mutators.MathMutator,getUShortLE,291,NO_COVERAGE,none
EndianUtils.java,org.apache.tika.io.EndianUtils,org.pitest.mutationtest.engine.gregor.mutators.MathMutator,getUShortLE,292,NO_COVERAGE,none
EndianUtils.java,org.apache.tika.io.EndianUtils,org.pitest.mutationtest.engine.gregor.mutators.MathMutator,getUShortLE,292,NO_COVERAGE,none
EndianUtils.java,org.apache.tika.io.EndianUtils,org.pitest.mutationtest.engine.gregor.mutators.MathMutator,getUShortLE,293,NO_COVERAGE,none
EndianUtils.java,org.apache.tika.io.EndianUtils,org.pitest.mutationtest.engine.gregor.mutators.MathMutator,getUShortLE,293,NO_COVERAGE,none
EndianUtils.java,org.apache.tika.io.EndianUtils,org.pitest.mutationtest.engine.gregor.mutators.returns.PrimitiveReturnsMutator,getUShortLE,293,NO_COVERAGE,none
EndianUtils.java,org.apache.tika.io.EndianUtils,org.pitest.mutationtest.engine.gregor.mutators.ConditionalsBoundaryMutator,readIntBE,149,NO_COVERAGE,none
EndianUtils.java,org.apache.tika.io.EndianUtils,org.pitest.mutationtest.engine.gregor.mutators.MathMutator,readIntBE,149,NO_COVERAGE,none
EndianUtils.java,org.apache.tika.io.EndianUtils,org.pitest.mutationtest.engine.gregor.mutators.MathMutator,readIntBE,149,NO_COVERAGE,none
EndianUtils.java,org.apache.tika.io.EndianUtils,org.pitest.mutationtest.engine.gregor.mutators.MathMutator,readIntBE,149,NO_COVERAGE,none
EndianUtils.java,org.apache.tika.io.EndianUtils,org.pitest.mutationtest.engine.gregor.mutators.MathMutator,readIntBE,152,NO_COVERAGE,none
EndianUtils.java,org.apache.tika.io.EndianUtils,org.pitest.mutationtest.engine.gregor.mutators.MathMutator,readIntBE,152,NO_COVERAGE,none
EndianUtils.java,org.apache.tika.io.EndianUtils,org.pitest.mutationtest.engine.gregor.mutators.MathMutator,readIntBE,152,NO_COVERAGE,none
EndianUtils.java,org.apache.tika.io.EndianUtils,org.pitest.mutationtest.engine.gregor.mutators.MathMutator,readIntBE,152,NO_COVERAGE,none
EndianUtils.java,org.apache.tika.io.EndianUtils,org.pitest.mutationtest.engine.gregor.mutators.MathMutator,readIntBE,152,NO_COVERAGE,none
EndianUtils.java,org.apache.tika.io.EndianUtils,org.pitest.mutationtest.engine.gregor.mutators.MathMutator,readIntBE,152,NO_COVERAGE,none
EndianUtils.java,org.apache.tika.io.EndianUtils,org.pitest.mutationtest.engine.gregor.mutators.NegateConditionalsMutator,readIntBE,149,NO_COVERAGE,none
EndianUtils.java,org.apache.tika.io.EndianUtils,org.pitest.mutationtest.engine.gregor.mutators.returns.PrimitiveReturnsMutator,readIntBE,152,NO_COVERAGE,none
EndianUtils.java,org.apache.tika.io.EndianUtils,org.pitest.mutationtest.engine.gregor.mutators.ConditionalsBoundaryMutator,readIntLE,130,NO_COVERAGE,none
EndianUtils.java,org.apache.tika.io.EndianUtils,org.pitest.mutationtest.engine.gregor.mutators.MathMutator,readIntLE,130,NO_COVERAGE,none
EndianUtils.java,org.apache.tika.io.EndianUtils,org.pitest.mutationtest.engine.gregor.mutators.MathMutator,readIntLE,130,NO_COVERAGE,none
EndianUtils.java,org.apache.tika.io.EndianUtils,org.pitest.mutationtest.engine.gregor.mutators.MathMutator,readIntLE,130,NO_COVERAGE,none
EndianUtils.java,org.apache.tika.io.EndianUtils,org.pitest.mutationtest.engine.gregor.mutators.MathMutator,readIntLE,133,NO_COVERAGE,none
EndianUtils.java,org.apache.tika.io.EndianUtils,org.pitest.mutationtest.engine.gregor.mutators.MathMutator,readIntLE,133,NO_COVERAGE,none
EndianUtils.java,org.apache.tika.io.EndianUtils,org.pitest.mutationtest.engine.gregor.mutators.MathMutator,readIntLE,133,NO_COVERAGE,none
EndianUtils.java,org.apache.tika.io.EndianUtils,org.pitest.mutationtest.engine.gregor.mutators.MathMutator,readIntLE,133,NO_COVERAGE,none
EndianUtils.java,org.apache.tika.io.EndianUtils,org.pitest.mutationtest.engine.gregor.mutators.MathMutator,readIntLE,133,NO_COVERAGE,none
EndianUtils.java,org.apache.tika.io.EndianUtils,org.pitest.mutationtest.engine.gregor.mutators.MathMutator,readIntLE,133,NO_COVERAGE,none
EndianUtils.java,org.apache.tika.io.EndianUtils,org.pitest.mutationtest.engine.gregor.mutators.NegateConditionalsMutator,readIntLE,130,NO_COVERAGE,none
EndianUtils.java,org.apache.tika.io.EndianUtils,org.pitest.mutationtest.engine.gregor.mutators.returns.PrimitiveReturnsMutator,readIntLE,133,NO_COVERAGE,none
EndianUtils.java,org.apache.tika.io.EndianUtils,org.pitest.mutationtest.engine.gregor.mutators.ConditionalsBoundaryMutator,readIntME,168,SURVIVED,none
EndianUtils.java,org.apache.tika.io.EndianUtils,org.pitest.mutationtest.engine.gregor.mutators.MathMutator,readIntME,168,SURVIVED,none
EndianUtils.java,org.apache.tika.io.EndianUtils,org.pitest.mutationtest.engine.gregor.mutators.MathMutator,readIntME,168,SURVIVED,none
EndianUtils.java,org.apache.tika.io.EndianUtils,org.pitest.mutationtest.engine.gregor.mutators.MathMutator,readIntME,168,KILLED,org.apache.tika.io.EndianUtilsTest.[engine:junit-jupiter]/[class:org.apache.tika.io.EndianUtilsTest]/[method:testReadIntME()]
EndianUtils.java,org.apache.tika.io.EndianUtils,org.pitest.mutationtest.engine.gregor.mutators.MathMutator,readIntME,171,KILLED,org.apache.tika.io.EndianUtilsTest.[engine:junit-jupiter]/[class:org.apache.tika.io.EndianUtilsTest]/[method:testReadIntME()]
EndianUtils.java,org.apache.tika.io.EndianUtils,org.pitest.mutationtest.engine.gregor.mutators.MathMutator,readIntME,171,KILLED,org.apache.tika.io.EndianUtilsTest.[engine:junit-jupiter]/[class:org.apache.tika.io.EndianUtilsTest]/[method:testReadIntME()]
EndianUtils.java,org.apache.tika.io.EndianUtils,org.pitest.mutationtest.engine.gregor.mutators.MathMutator,readIntME,171,KILLED,org.apache.tika.io.EndianUtilsTest.[engine:junit-jupiter]/[class:org.apache.tika.io.EndianUtilsTest]/[method:testReadIntME()]
EndianUtils.java,org.apache.tika.io.EndianUtils,org.pitest.mutationtest.engine.gregor.mutators.MathMutator,readIntME,171,KILLED,org.apache.tika.io.EndianUtilsTest.[engine:junit-jupiter]/[class:org.apache.tika.io.EndianUtilsTest]/[method:testReadIntME()]
EndianUtils.java,org.apache.tika.io.EndianUtils,org.pitest.mutationtest.engine.gregor.mutators.MathMutator,readIntME,171,KILLED,org.apache.tika.io.EndianUtilsTest.[engine:junit-jupiter]/[class:org.apache.tika.io.EndianUtilsTest]/[method:testReadIntME()]
EndianUtils.java,org.apache.tika.io.EndianUtils,org.pitest.mutationtest.engine.gregor.mutators.MathMutator,readIntME,171,KILLED,org.apache.tika.io.EndianUtilsTest.[engine:junit-jupiter]/[class:org.apache.tika.io.EndianUtilsTest]/[method:testReadIntME()]
EndianUtils.java,org.apache.tika.io.EndianUtils,org.pitest.mutationtest.engine.gregor.mutators.NegateConditionalsMutator,readIntME,168,KILLED,org.apache.tika.io.EndianUtilsTest.[engine:junit-jupiter]/[class:org.apache.tika.io.EndianUtilsTest]/[method:testReadIntME()]
EndianUtils.java,org.apache.tika.io.EndianUtils,org.pitest.mutationtest.engine.gregor.mutators.returns.PrimitiveReturnsMutator,readIntME,171,KILLED,org.apache.tika.io.EndianUtilsTest.[engine:junit-jupiter]/[class:org.apache.tika.io.EndianUtilsTest]/[method:testReadIntME()]
EndianUtils.java,org.apache.tika.io.EndianUtils,org.pitest.mutationtest.engine.gregor.mutators.ConditionalsBoundaryMutator,readLongBE,217,NO_COVERAGE,none
EndianUtils.java,org.apache.tika.io.EndianUtils,org.pitest.mutationtest.engine.gregor.mutators.MathMutator,readLongBE,217,NO_COVERAGE,none
EndianUtils.java,org.apache.tika.io.EndianUtils,org.pitest.mutationtest.engine.gregor.mutators.MathMutator,readLongBE,217,NO_COVERAGE,none
EndianUtils.java,org.apache.tika.io.EndianUtils,org.pitest.mutationtest.engine.gregor.mutators.MathMutator,readLongBE,217,NO_COVERAGE,none
EndianUtils.java,org.apache.tika.io.EndianUtils,org.pitest.mutationtest.engine.gregor.mutators.MathMutator,readLongBE,217,NO_COVERAGE,none
EndianUtils.java,org.apache.tika.io.EndianUtils,org.pitest.mutationtest.engine.gregor.mutators.MathMutator,readLongBE,217,NO_COVERAGE,none
EndianUtils.java,org.apache.tika.io.EndianUtils,org.pitest.mutationtest.engine.gregor.mutators.MathMutator,readLongBE,217,NO_COVERAGE,none
EndianUtils.java,org.apache.tika.io.EndianUtils,org.pitest.mutationtest.engine.gregor.mutators.MathMutator,readLongBE,217,NO_COVERAGE,none
EndianUtils.java,org.apache.tika.io.EndianUtils,org.pitest.mutationtest.engine.gregor.mutators.MathMutator,readLongBE,221,NO_COVERAGE,none
EndianUtils.java,org.apache.tika.io.EndianUtils,org.pitest.mutationtest.engine.gregor.mutators.MathMutator,readLongBE,221,NO_COVERAGE,none
EndianUtils.java,org.apache.tika.io.EndianUtils,org.pitest.mutationtest.engine.gregor.mutators.MathMutator,readLongBE,221,NO_COVERAGE,none
EndianUtils.java,org.apache.tika.io.EndianUtils,org.pitest.mutationtest.engine.gregor.mutators.MathMutator,readLongBE,221,NO_COVERAGE,none
EndianUtils.java,org.apache.tika.io.EndianUtils,org.pitest.mutationtest.engine.gregor.mutators.MathMutator,readLongBE,221,NO_COVERAGE,none
EndianUtils.java,org.apache.tika.io.EndianUtils,org.pitest.mutationtest.engine.gregor.mutators.MathMutator,readLongBE,221,NO_COVERAGE,none
EndianUtils.java,org.apache.tika.io.EndianUtils,org.pitest.mutationtest.engine.gregor.mutators.MathMutator,readLongBE,221,NO_COVERAGE,none
EndianUtils.java,org.apache.tika.io.EndianUtils,org.pitest.mutationtest.engine.gregor.mutators.MathMutator,readLongBE,222,NO_COVERAGE,none
EndianUtils.java,org.apache.tika.io.EndianUtils,org.pitest.mutationtest.engine.gregor.mutators.MathMutator,readLongBE,221,NO_COVERAGE,none
EndianUtils.java,org.apache.tika.io.EndianUtils,org.pitest.mutationtest.engine.gregor.mutators.MathMutator,readLongBE,223,NO_COVERAGE,none
EndianUtils.java,org.apache.tika.io.EndianUtils,org.pitest.mutationtest.engine.gregor.mutators.MathMutator,readLongBE,221,NO_COVERAGE,none
EndianUtils.java,org.apache.tika.io.EndianUtils,org.pitest.mutationtest.engine.gregor.mutators.MathMutator,readLongBE,223,NO_COVERAGE,none
EndianUtils.java,org.apache.tika.io.EndianUtils,org.pitest.mutationtest.engine.gregor.mutators.MathMutator,readLongBE,221,NO_COVERAGE,none
EndianUtils.java,org.apache.tika.io.EndianUtils,org.pitest.mutationtest.engine.gregor.mutators.MathMutator,readLongBE,221,NO_COVERAGE,none
EndianUtils.java,org.apache.tika.io.EndianUtils,org.pitest.mutationtest.engine.gregor.mutators.NegateConditionalsMutator,readLongBE,217,NO_COVERAGE,none
EndianUtils.java,org.apache.tika.io.EndianUtils,org.pitest.mutationtest.engine.gregor.mutators.returns.PrimitiveReturnsMutator,readLongBE,221,NO_COVERAGE,none
EndianUtils.java,org.apache.tika.io.EndianUtils,org.pitest.mutationtest.engine.gregor.mutators.ConditionalsBoundaryMutator,readLongLE,191,NO_COVERAGE,none
EndianUtils.java,org.apache.tika.io.EndianUtils,org.pitest.mutationtest.engine.gregor.mutators.MathMutator,readLongLE,191,NO_COVERAGE,none
EndianUtils.java,org.apache.tika.io.EndianUtils,org.pitest.mutationtest.engine.gregor.mutators.MathMutator,readLongLE,191,NO_COVERAGE,none
EndianUtils.java,org.apache.tika.io.EndianUtils,org.pitest.mutationtest.engine.gregor.mutators.MathMutator,readLongLE,191,NO_COVERAGE,none
EndianUtils.java,org.apache.tika.io.EndianUtils,org.pitest.mutationtest.engine.gregor.mutators.MathMutator,readLongLE,191,NO_COVERAGE,none
EndianUtils.java,org.apache.tika.io.EndianUtils,org.pitest.mutationtest.engine.gregor.mutators.MathMutator,readLongLE,191,NO_COVERAGE,none
EndianUtils.java,org.apache.tika.io.EndianUtils,org.pitest.mutationtest.engine.gregor.mutators.MathMutator,readLongLE,191,NO_COVERAGE,none
EndianUtils.java,org.apache.tika.io.EndianUtils,org.pitest.mutationtest.engine.gregor.mutators.MathMutator,readLongLE,191,NO_COVERAGE,none
EndianUtils.java,org.apache.tika.io.EndianUtils,org.pitest.mutationtest.engine.gregor.mutators.MathMutator,readLongLE,195,NO_COVERAGE,none
EndianUtils.java,org.apache.tika.io.EndianUtils,org.pitest.mutationtest.engine.gregor.mutators.MathMutator,readLongLE,195,NO_COVERAGE,none
EndianUtils.java,org.apache.tika.io.EndianUtils,org.pitest.mutationtest.engine.gregor.mutators.MathMutator,readLongLE,195,NO_COVERAGE,none
EndianUtils.java,org.apache.tika.io.EndianUtils,org.pitest.mutationtest.engine.gregor.mutators.MathMutator,readLongLE,195,NO_COVERAGE,none
EndianUtils.java,org.apache.tika.io.EndianUtils,org.pitest.mutationtest.engine.gregor.mutators.MathMutator,readLongLE,195,NO_COVERAGE,none
EndianUtils.java,org.apache.tika.io.EndianUtils,org.pitest.mutationtest.engine.gregor.mutators.MathMutator,readLongLE,195,NO_COVERAGE,none
EndianUtils.java,org.apache.tika.io.EndianUtils,org.pitest.mutationtest.engine.gregor.mutators.MathMutator,readLongLE,195,NO_COVERAGE,none
EndianUtils.java,org.apache.tika.io.EndianUtils,org.pitest.mutationtest.engine.gregor.mutators.MathMutator,readLongLE,196,NO_COVERAGE,none
EndianUtils.java,org.apache.tika.io.EndianUtils,org.pitest.mutationtest.engine.gregor.mutators.MathMutator,readLongLE,195,NO_COVERAGE,none
EndianUtils.java,org.apache.tika.io.EndianUtils,org.pitest.mutationtest.engine.gregor.mutators.MathMutator,readLongLE,197,NO_COVERAGE,none
EndianUtils.java,org.apache.tika.io.EndianUtils,org.pitest.mutationtest.engine.gregor.mutators.MathMutator,readLongLE,195,NO_COVERAGE,none
EndianUtils.java,org.apache.tika.io.EndianUtils,org.pitest.mutationtest.engine.gregor.mutators.MathMutator,readLongLE,197,NO_COVERAGE,none
EndianUtils.java,org.apache.tika.io.EndianUtils,org.pitest.mutationtest.engine.gregor.mutators.MathMutator,readLongLE,195,NO_COVERAGE,none
EndianUtils.java,org.apache.tika.io.EndianUtils,org.pitest.mutationtest.engine.gregor.mutators.MathMutator,readLongLE,195,NO_COVERAGE,none
EndianUtils.java,org.apache.tika.io.EndianUtils,org.pitest.mutationtest.engine.gregor.mutators.NegateConditionalsMutator,readLongLE,191,NO_COVERAGE,none
EndianUtils.java,org.apache.tika.io.EndianUtils,org.pitest.mutationtest.engine.gregor.mutators.returns.PrimitiveReturnsMutator,readLongLE,195,NO_COVERAGE,none
EndianUtils.java,org.apache.tika.io.EndianUtils,org.pitest.mutationtest.engine.gregor.mutators.returns.PrimitiveReturnsMutator,readShortBE,58,NO_COVERAGE,none
EndianUtils.java,org.apache.tika.io.EndianUtils,org.pitest.mutationtest.engine.gregor.mutators.returns.PrimitiveReturnsMutator,readShortLE,45,NO_COVERAGE,none
EndianUtils.java,org.apache.tika.io.EndianUtils,org.pitest.mutationtest.engine.gregor.mutators.ConditionalsBoundaryMutator,readUE7,235,SURVIVED,none
EndianUtils.java,org.apache.tika.io.EndianUtils,org.pitest.mutationtest.engine.gregor.mutators.ConditionalsBoundaryMutator,readUE7,235,SURVIVED,none
EndianUtils.java,org.apache.tika.io.EndianUtils,org.pitest.mutationtest.engine.gregor.mutators.ConditionalsBoundaryMutator,readUE7,246,SURVIVED,none
EndianUtils.java,org.apache.tika.io.EndianUtils,org.pitest.mutationtest.engine.gregor.mutators.IncrementsMutator,readUE7,235,SURVIVED,none
EndianUtils.java,org.apache.tika.io.EndianUtils,org.pitest.mutationtest.engine.gregor.mutators.MathMutator,readUE7,236,KILLED,org.apache.tika.io.EndianUtilsTest.[engine:junit-jupiter]/[class:org.apache.tika.io.EndianUtilsTest]/[method:testReadUE7()]
EndianUtils.java,org.apache.tika.io.EndianUtils,org.pitest.mutationtest.engine.gregor.mutators.MathMutator,readUE7,237,KILLED,org.apache.tika.io.EndianUtilsTest.[engine:junit-jupiter]/[class:org.apache.tika.io.EndianUtilsTest]/[method:testReadUE7()]
EndianUtils.java,org.apache.tika.io.EndianUtils,org.pitest.mutationtest.engine.gregor.mutators.MathMutator,readUE7,239,KILLED,org.apache.tika.io.EndianUtilsTest.[engine:junit-jupiter]/[class:org.apache.tika.io.EndianUtilsTest]/[method:testReadUE7()]
EndianUtils.java,org.apache.tika.io.EndianUtils,org.pitest.mutationtest.engine.gregor.mutators.MathMutator,readUE7,239,KILLED,org.apache.tika.io.EndianUtilsTest.[engine:junit-jupiter]/[class:org.apache.tika.io.EndianUtilsTest]/[method:testReadUE7()]
EndianUtils.java,org.apache.tika.io.EndianUtils,org.pitest.mutationtest.engine.gregor.mutators.MathMutator,readUE7,242,KILLED,org.apache.tika.io.EndianUtilsTest.[engine:junit-jupiter]/[class:org.apache.tika.io.EndianUtilsTest]/[method:testReadUE7()]
EndianUtils.java,org.apache.tika.io.EndianUtils,org.pitest.mutationtest.engine.gregor.mutators.NegateConditionalsMutator,readUE7,237,KILLED,org.apache.tika.io.EndianUtilsTest.[engine:junit-jupiter]/[class:org.apache.tika.io.EndianUtilsTest]/[method:testReadUE7()]
EndianUtils.java,org.apache.tika.io.EndianUtils,org.pitest.mutationtest.engine.gregor.mutators.NegateConditionalsMutator,readUE7,235,KILLED,org.apache.tika.io.EndianUtilsTest.[engine:junit-jupiter]/[class:org.apache.tika.io.EndianUtilsTest]/[method:testReadUE7()]
EndianUtils.java,org.apache.tika.io.EndianUtils,org.pitest.mutationtest.engine.gregor.mutators.NegateConditionalsMutator,readUE7,235,KILLED,org.apache.tika.io.EndianUtilsTest.[engine:junit-jupiter]/[class:org.apache.tika.io.EndianUtilsTest]/[method:testReadUE7()]
EndianUtils.java,org.apache.tika.io.EndianUtils,org.pitest.mutationtest.engine.gregor.mutators.NegateConditionalsMutator,readUE7,246,KILLED,org.apache.tika.io.EndianUtilsTest.[engine:junit-jupiter]/[class:org.apache.tika.io.EndianUtilsTest]/[method:testReadUE7()]
EndianUtils.java,org.apache.tika.io.EndianUtils,org.pitest.mutationtest.engine.gregor.mutators.returns.PrimitiveReturnsMutator,readUE7,249,KILLED,org.apache.tika.io.EndianUtilsTest.[engine:junit-jupiter]/[class:org.apache.tika.io.EndianUtilsTest]/[method:testReadUE7()]
EndianUtils.java,org.apache.tika.io.EndianUtils,org.pitest.mutationtest.engine.gregor.mutators.ConditionalsBoundaryMutator,readUIntBE,111,SURVIVED,none
EndianUtils.java,org.apache.tika.io.EndianUtils,org.pitest.mutationtest.engine.gregor.mutators.MathMutator,readUIntBE,111,SURVIVED,none
EndianUtils.java,org.apache.tika.io.EndianUtils,org.pitest.mutationtest.engine.gregor.mutators.MathMutator,readUIntBE,111,SURVIVED,none
EndianUtils.java,org.apache.tika.io.EndianUtils,org.pitest.mutationtest.engine.gregor.mutators.MathMutator,readUIntBE,111,SURVIVED,none
EndianUtils.java,org.apache.tika.io.EndianUtils,org.pitest.mutationtest.engine.gregor.mutators.MathMutator,readUIntBE,114,KILLED,org.apache.tika.io.EndianUtilsTest.[engine:junit-jupiter]/[class:org.apache.tika.io.EndianUtilsTest]/[method:testReadUIntBE()]
EndianUtils.java,org.apache.tika.io.EndianUtils,org.pitest.mutationtest.engine.gregor.mutators.MathMutator,readUIntBE,114,KILLED,org.apache.tika.io.EndianUtilsTest.[engine:junit-jupiter]/[class:org.apache.tika.io.EndianUtilsTest]/[method:testReadUIntBE()]
EndianUtils.java,org.apache.tika.io.EndianUtils,org.pitest.mutationtest.engine.gregor.mutators.MathMutator,readUIntBE,114,KILLED,org.apache.tika.io.EndianUtilsTest.[engine:junit-jupiter]/[class:org.apache.tika.io.EndianUtilsTest]/[method:testReadUIntBE()]
EndianUtils.java,org.apache.tika.io.EndianUtils,org.pitest.mutationtest.engine.gregor.mutators.MathMutator,readUIntBE,114,KILLED,org.apache.tika.io.EndianUtilsTest.[engine:junit-jupiter]/[class:org.apache.tika.io.EndianUtilsTest]/[method:testReadUIntBE()]
EndianUtils.java,org.apache.tika.io.EndianUtils,org.pitest.mutationtest.engine.gregor.mutators.MathMutator,readUIntBE,114,KILLED,org.apache.tika.io.EndianUtilsTest.[engine:junit-jupiter]/[class:org.apache.tika.io.EndianUtilsTest]/[method:testReadUIntBE()]
EndianUtils.java,org.apache.tika.io.EndianUtils,org.pitest.mutationtest.engine.gregor.mutators.MathMutator,readUIntBE,114,KILLED,org.apache.tika.io.EndianUtilsTest.[engine:junit-jupiter]/[class:org.apache.tika.io.EndianUtilsTest]/[method:testReadUIntBE()]
EndianUtils.java,org.apache.tika.io.EndianUtils,org.pitest.mutationtest.engine.gregor.mutators.MathMutator,readUIntBE,114,KILLED,org.apache.tika.io.EndianUtilsTest.[engine:junit-jupiter]/[class:org.apache.tika.io.EndianUtilsTest]/[method:testReadUIntBE()]
EndianUtils.java,org.apache.tika.io.EndianUtils,org.pitest.mutationtest.engine.gregor.mutators.NegateConditionalsMutator,readUIntBE,111,KILLED,org.apache.tika.io.EndianUtilsTest.[engine:junit-jupiter]/[class:org.apache.tika.io.EndianUtilsTest]/[method:testReadUIntBE()]
EndianUtils.java,org.apache.tika.io.EndianUtils,org.pitest.mutationtest.engine.gregor.mutators.returns.PrimitiveReturnsMutator,readUIntBE,114,KILLED,org.apache.tika.io.EndianUtilsTest.[engine:junit-jupiter]/[class:org.apache.tika.io.EndianUtilsTest]/[method:testReadUIntBE()]
EndianUtils.java,org.apache.tika.io.EndianUtils,org.pitest.mutationtest.engine.gregor.mutators.ConditionalsBoundaryMutator,readUIntLE,92,SURVIVED,none
EndianUtils.java,org.apache.tika.io.EndianUtils,org.pitest.mutationtest.engine.gregor.mutators.MathMutator,readUIntLE,92,SURVIVED,none
EndianUtils.java,org.apache.tika.io.EndianUtils,org.pitest.mutationtest.engine.gregor.mutators.MathMutator,readUIntLE,92,SURVIVED,none
EndianUtils.java,org.apache.tika.io.EndianUtils,org.pitest.mutationtest.engine.gregor.mutators.MathMutator,readUIntLE,92,KILLED,org.apache.tika.io.EndianUtilsTest.[engine:junit-jupiter]/[class:org.apache.tika.io.EndianUtilsTest]/[method:testReadUIntLE()]
EndianUtils.java,org.apache.tika.io.EndianUtils,org.pitest.mutationtest.engine.gregor.mutators.MathMutator,readUIntLE,95,KILLED,org.apache.tika.io.EndianUtilsTest.[engine:junit-jupiter]/[class:org.apache.tika.io.EndianUtilsTest]/[method:testReadUIntLE()]
EndianUtils.java,org.apache.tika.io.EndianUtils,org.pitest.mutationtest.engine.gregor.mutators.MathMutator,readUIntLE,95,KILLED,org.apache.tika.io.EndianUtilsTest.[engine:junit-jupiter]/[class:org.apache.tika.io.EndianUtilsTest]/[method:testReadUIntLE()]
EndianUtils.java,org.apache.tika.io.EndianUtils,org.pitest.mutationtest.engine.gregor.mutators.MathMutator,readUIntLE,95,KILLED,org.apache.tika.io.EndianUtilsTest.[engine:junit-jupiter]/[class:org.apache.tika.io.EndianUtilsTest]/[method:testReadUIntLE()]
EndianUtils.java,org.apache.tika.io.EndianUtils,org.pitest.mutationtest.engine.gregor.mutators.MathMutator,readUIntLE,95,KILLED,org.apache.tika.io.EndianUtilsTest.[engine:junit-jupiter]/[class:org.apache.tika.io.EndianUtilsTest]/[method:testReadUIntLE()]
EndianUtils.java,org.apache.tika.io.EndianUtils,org.pitest.mutationtest.engine.gregor.mutators.MathMutator,readUIntLE,95,KILLED,org.apache.tika.io.EndianUtilsTest.[engine:junit-jupiter]/[class:org.apache.tika.io.EndianUtilsTest]/[method:testReadUIntLE()]
EndianUtils.java,org.apache.tika.io.EndianUtils,org.pitest.mutationtest.engine.gregor.mutators.MathMutator,readUIntLE,95,KILLED,org.apache.tika.io.EndianUtilsTest.[engine:junit-jupiter]/[class:org.apache.tika.io.EndianUtilsTest]/[method:testReadUIntLE()]
EndianUtils.java,org.apache.tika.io.EndianUtils,org.pitest.mutationtest.engine.gregor.mutators.MathMutator,readUIntLE,95,KILLED,org.apache.tika.io.EndianUtilsTest.[engine:junit-jupiter]/[class:org.apache.tika.io.EndianUtilsTest]/[method:testReadUIntLE()]
EndianUtils.java,org.apache.tika.io.EndianUtils,org.pitest.mutationtest.engine.gregor.mutators.NegateConditionalsMutator,readUIntLE,92,KILLED,org.apache.tika.io.EndianUtilsTest.[engine:junit-jupiter]/[class:org.apache.tika.io.EndianUtilsTest]/[method:testReadUIntLE()]
EndianUtils.java,org.apache.tika.io.EndianUtils,org.pitest.mutationtest.engine.gregor.mutators.returns.PrimitiveReturnsMutator,readUIntLE,95,KILLED,org.apache.tika.io.EndianUtilsTest.[engine:junit-jupiter]/[class:org.apache.tika.io.EndianUtilsTest]/[method:testReadUIntLE()]
EndianUtils.java,org.apache.tika.io.EndianUtils,org.pitest.mutationtest.engine.gregor.mutators.ConditionalsBoundaryMutator,readUShortBE,73,NO_COVERAGE,none
EndianUtils.java,org.apache.tika.io.EndianUtils,org.pitest.mutationtest.engine.gregor.mutators.MathMutator,readUShortBE,73,NO_COVERAGE,none
EndianUtils.java,org.apache.tika.io.EndianUtils,org.pitest.mutationtest.engine.gregor.mutators.MathMutator,readUShortBE,76,NO_COVERAGE,none
EndianUtils.java,org.apache.tika.io.EndianUtils,org.pitest.mutationtest.engine.gregor.mutators.MathMutator,readUShortBE,76,NO_COVERAGE,none
EndianUtils.java,org.apache.tika.io.EndianUtils,org.pitest.mutationtest.engine.gregor.mutators.NegateConditionalsMutator,readUShortBE,73,NO_COVERAGE,none
EndianUtils.java,org.apache.tika.io.EndianUtils,org.pitest.mutationtest.engine.gregor.mutators.returns.PrimitiveReturnsMutator,readUShortBE,76,NO_COVERAGE,none
EndianUtils.java,org.apache.tika.io.EndianUtils,org.pitest.mutationtest.engine.gregor.mutators.ConditionalsBoundaryMutator,readUShortLE,64,NO_COVERAGE,none
EndianUtils.java,org.apache.tika.io.EndianUtils,org.pitest.mutationtest.engine.gregor.mutators.MathMutator,readUShortLE,64,NO_COVERAGE,none
EndianUtils.java,org.apache.tika.io.EndianUtils,org.pitest.mutationtest.engine.gregor.mutators.MathMutator,readUShortLE,67,NO_COVERAGE,none
EndianUtils.java,org.apache.tika.io.EndianUtils,org.pitest.mutationtest.engine.gregor.mutators.MathMutator,readUShortLE,67,NO_COVERAGE,none
EndianUtils.java,org.apache.tika.io.EndianUtils,org.pitest.mutationtest.engine.gregor.mutators.NegateConditionalsMutator,readUShortLE,64,NO_COVERAGE,none
EndianUtils.java,org.apache.tika.io.EndianUtils,org.pitest.mutationtest.engine.gregor.mutators.returns.PrimitiveReturnsMutator,readUShortLE,67,NO_COVERAGE,none
EndianUtils.java,org.apache.tika.io.EndianUtils,org.pitest.mutationtest.engine.gregor.mutators.MathMutator,ubyteToInt,461,NO_COVERAGE,none
EndianUtils.java,org.apache.tika.io.EndianUtils,org.pitest.mutationtest.engine.gregor.mutators.returns.PrimitiveReturnsMutator,ubyteToInt,461,NO_COVERAGE,none
FilenameUtils.java,org.apache.tika.io.FilenameUtils,org.pitest.mutationtest.engine.gregor.mutators.NegateConditionalsMutator,calculateExtension,393,KILLED,org.apache.tika.io.FilenameUtilsTest.[engine:junit-jupiter]/[class:org.apache.tika.io.FilenameUtilsTest]/[method:testEmbeddedFilePaths()]
FilenameUtils.java,org.apache.tika.io.FilenameUtils,org.pitest.mutationtest.engine.gregor.mutators.NegateConditionalsMutator,calculateExtension,399,KILLED,org.apache.tika.io.FilenameUtilsTest.[engine:junit-jupiter]/[class:org.apache.tika.io.FilenameUtilsTest]/[method:testEmbeddedFilePaths()]
FilenameUtils.java,org.apache.tika.io.FilenameUtils,org.pitest.mutationtest.engine.gregor.mutators.returns.EmptyObjectReturnValsMutator,calculateExtension,394,KILLED,org.apache.tika.io.FilenameUtilsTest.[engine:junit-jupiter]/[class:org.apache.tika.io.FilenameUtilsTest]/[method:testEmbeddedFilePaths()]
FilenameUtils.java,org.apache.tika.io.FilenameUtils,org.pitest.mutationtest.engine.gregor.mutators.returns.EmptyObjectReturnValsMutator,calculateExtension,400,KILLED,org.apache.tika.io.FilenameUtilsTest.[engine:junit-jupiter]/[class:org.apache.tika.io.FilenameUtilsTest]/[method:testEmbeddedFilePaths()]
FilenameUtils.java,org.apache.tika.io.FilenameUtils,org.pitest.mutationtest.engine.gregor.mutators.returns.EmptyObjectReturnValsMutator,calculateExtension,402,NO_COVERAGE,none
FilenameUtils.java,org.apache.tika.io.FilenameUtils,org.pitest.mutationtest.engine.gregor.mutators.NegateConditionalsMutator,getEmbeddedName,365,SURVIVED,none
FilenameUtils.java,org.apache.tika.io.FilenameUtils,org.pitest.mutationtest.engine.gregor.mutators.NegateConditionalsMutator,getEmbeddedName,369,SURVIVED,none
FilenameUtils.java,org.apache.tika.io.FilenameUtils,org.pitest.mutationtest.engine.gregor.mutators.NegateConditionalsMutator,getEmbeddedName,373,SURVIVED,none
FilenameUtils.java,org.apache.tika.io.FilenameUtils,org.pitest.mutationtest.engine.gregor.mutators.NegateConditionalsMutator,getEmbeddedName,377,SURVIVED,none
FilenameUtils.java,org.apache.tika.io.FilenameUtils,org.pitest.mutationtest.engine.gregor.mutators.returns.EmptyObjectReturnValsMutator,getEmbeddedName,366,KILLED,org.apache.tika.io.FilenameUtilsTest.[engine:junit-jupiter]/[class:org.apache.tika.io.FilenameUtilsTest]/[method:testEmbeddedFilePaths()]
FilenameUtils.java,org.apache.tika.io.FilenameUtils,org.pitest.mutationtest.engine.gregor.mutators.returns.EmptyObjectReturnValsMutator,getEmbeddedName,370,NO_COVERAGE,none
FilenameUtils.java,org.apache.tika.io.FilenameUtils,org.pitest.mutationtest.engine.gregor.mutators.returns.EmptyObjectReturnValsMutator,getEmbeddedName,374,NO_COVERAGE,none
FilenameUtils.java,org.apache.tika.io.FilenameUtils,org.pitest.mutationtest.engine.gregor.mutators.returns.EmptyObjectReturnValsMutator,getEmbeddedName,378,NO_COVERAGE,none
FilenameUtils.java,org.apache.tika.io.FilenameUtils,org.pitest.mutationtest.engine.gregor.mutators.returns.EmptyObjectReturnValsMutator,getEmbeddedName,380,SURVIVED,none
FilenameUtils.java,org.apache.tika.io.FilenameUtils,org.pitest.mutationtest.engine.gregor.mutators.NegateConditionalsMutator,getEmbeddedPath,344,SURVIVED,none
FilenameUtils.java,org.apache.tika.io.FilenameUtils,org.pitest.mutationtest.engine.gregor.mutators.NegateConditionalsMutator,getEmbeddedPath,348,SURVIVED,none
FilenameUtils.java,org.apache.tika.io.FilenameUtils,org.pitest.mutationtest.engine.gregor.mutators.NegateConditionalsMutator,getEmbeddedPath,352,SURVIVED,none
FilenameUtils.java,org.apache.tika.io.FilenameUtils,org.pitest.mutationtest.engine.gregor.mutators.NegateConditionalsMutator,getEmbeddedPath,356,SURVIVED,none
FilenameUtils.java,org.apache.tika.io.FilenameUtils,org.pitest.mutationtest.engine.gregor.mutators.returns.EmptyObjectReturnValsMutator,getEmbeddedPath,345,KILLED,org.apache.tika.io.FilenameUtilsTest.[engine:junit-jupiter]/[class:org.apache.tika.io.FilenameUtilsTest]/[method:testEmbeddedFilePaths()]
FilenameUtils.java,org.apache.tika.io.FilenameUtils,org.pitest.mutationtest.engine.gregor.mutators.returns.EmptyObjectReturnValsMutator,getEmbeddedPath,349,NO_COVERAGE,none
FilenameUtils.java,org.apache.tika.io.FilenameUtils,org.pitest.mutationtest.engine.gregor.mutators.returns.EmptyObjectReturnValsMutator,getEmbeddedPath,353,NO_COVERAGE,none
FilenameUtils.java,org.apache.tika.io.FilenameUtils,org.pitest.mutationtest.engine.gregor.mutators.returns.EmptyObjectReturnValsMutator,getEmbeddedPath,357,NO_COVERAGE,none
FilenameUtils.java,org.apache.tika.io.FilenameUtils,org.pitest.mutationtest.engine.gregor.mutators.returns.EmptyObjectReturnValsMutator,getEmbeddedPath,359,SURVIVED,none
FilenameUtils.java,org.apache.tika.io.FilenameUtils,org.pitest.mutationtest.engine.gregor.mutators.MathMutator,getName,116,KILLED,org.apache.tika.io.FilenameUtilsTest.[engine:junit-jupiter]/[class:org.apache.tika.io.FilenameUtilsTest]/[method:testExtension()]
FilenameUtils.java,org.apache.tika.io.FilenameUtils,org.pitest.mutationtest.engine.gregor.mutators.NegateConditionalsMutator,getName,108,KILLED,org.apache.tika.io.FilenameUtilsTest.[engine:junit-jupiter]/[class:org.apache.tika.io.FilenameUtilsTest]/[method:testExtension()]
FilenameUtils.java,org.apache.tika.io.FilenameUtils,org.pitest.mutationtest.engine.gregor.mutators.NegateConditionalsMutator,getName,108,KILLED,org.apache.tika.io.FilenameUtilsTest.[engine:junit-jupiter]/[class:org.apache.tika.io.FilenameUtilsTest]/[method:testExtension()]
FilenameUtils.java,org.apache.tika.io.FilenameUtils,org.pitest.mutationtest.engine.gregor.mutators.NegateConditionalsMutator,getName,117,KILLED,org.apache.tika.io.FilenameUtilsTest.[engine:junit-jupiter]/[class:org.apache.tika.io.FilenameUtilsTest]/[method:testExtension()]
FilenameUtils.java,org.apache.tika.io.FilenameUtils,org.pitest.mutationtest.engine.gregor.mutators.NegateConditionalsMutator,getName,117,KILLED,org.apache.tika.io.FilenameUtilsTest.[engine:junit-jupiter]/[class:org.apache.tika.io.FilenameUtilsTest]/[method:testExtension()]
FilenameUtils.java,org.apache.tika.io.FilenameUtils,org.pitest.mutationtest.engine.gregor.mutators.returns.EmptyObjectReturnValsMutator,getName,120,KILLED,org.apache.tika.io.FilenameUtilsTest.[engine:junit-jupiter]/[class:org.apache.tika.io.FilenameUtilsTest]/[method:testExtension()]
FilenameUtils.java,org.apache.tika.io.FilenameUtils,org.pitest.mutationtest.engine.gregor.mutators.ConditionalsBoundaryMutator,getPrefixLength,320,SURVIVED,none
FilenameUtils.java,org.apache.tika.io.FilenameUtils,org.pitest.mutationtest.engine.gregor.mutators.ConditionalsBoundaryMutator,getPrefixLength,323,NO_COVERAGE,none
FilenameUtils.java,org.apache.tika.io.FilenameUtils,org.pitest.mutationtest.engine.gregor.mutators.ConditionalsBoundaryMutator,getPrefixLength,323,NO_COVERAGE,none
FilenameUtils.java,org.apache.tika.io.FilenameUtils,org.pitest.mutationtest.engine.gregor.mutators.NegateConditionalsMutator,getPrefixLength,320,KILLED,org.apache.tika.io.FilenameUtilsTest.[engine:junit-jupiter]/[class:org.apache.tika.io.FilenameUtilsTest]/[method:testEmbeddedFilePaths()]
FilenameUtils.java,org.apache.tika.io.FilenameUtils,org.pitest.mutationtest.engine.gregor.mutators.NegateConditionalsMutator,getPrefixLength,323,SURVIVED,none
FilenameUtils.java,org.apache.tika.io.FilenameUtils,org.pitest.mutationtest.engine.gregor.mutators.NegateConditionalsMutator,getPrefixLength,323,NO_COVERAGE,none
FilenameUtils.java,org.apache.tika.io.FilenameUtils,org.pitest.mutationtest.engine.gregor.mutators.NegateConditionalsMutator,getPrefixLength,323,NO_COVERAGE,none
FilenameUtils.java,org.apache.tika.io.FilenameUtils,org.pitest.mutationtest.engine.gregor.mutators.NegateConditionalsMutator,getPrefixLength,323,NO_COVERAGE,none
FilenameUtils.java,org.apache.tika.io.FilenameUtils,org.pitest.mutationtest.engine.gregor.mutators.returns.PrimitiveReturnsMutator,getPrefixLength,321,KILLED,org.apache.tika.io.FilenameUtilsTest.[engine:junit-jupiter]/[class:org.apache.tika.io.FilenameUtilsTest]/[method:testEmbeddedFilePaths()]
FilenameUtils.java,org.apache.tika.io.FilenameUtils,org.pitest.mutationtest.engine.gregor.mutators.returns.PrimitiveReturnsMutator,getPrefixLength,324,NO_COVERAGE,none
FilenameUtils.java,org.apache.tika.io.FilenameUtils,org.pitest.mutationtest.engine.gregor.mutators.ConditionalsBoundaryMutator,getSanitizedEmbeddedFileName,156,SURVIVED,none
FilenameUtils.java,org.apache.tika.io.FilenameUtils,org.pitest.mutationtest.engine.gregor.mutators.ConditionalsBoundaryMutator,getSanitizedEmbeddedFileName,189,SURVIVED,none
FilenameUtils.java,org.apache.tika.io.FilenameUtils,org.pitest.mutationtest.engine.gregor.mutators.MathMutator,getSanitizedEmbeddedFileName,152,KILLED,org.apache.tika.io.FilenameUtilsTest.[engine:junit-jupiter]/[class:org.apache.tika.io.FilenameUtilsTest]/[method:testEmbeddedFileNames()]
FilenameUtils.java,org.apache.tika.io.FilenameUtils,org.pitest.mutationtest.engine.gregor.mutators.MathMutator,getSanitizedEmbeddedFileName,171,KILLED,org.apache.tika.io.FilenameUtilsTest.[engine:junit-jupiter]/[class:org.apache.tika.io.FilenameUtilsTest]/[method:testEmbeddedFilePaths()]
FilenameUtils.java,org.apache.tika.io.FilenameUtils,org.pitest.mutationtest.engine.gregor.mutators.MathMutator,getSanitizedEmbeddedFileName,190,KILLED,org.apache.tika.io.FilenameUtilsTest.[engine:junit-jupiter]/[class:org.apache.tika.io.FilenameUtilsTest]/[method:testEmbeddedFileNames()]
FilenameUtils.java,org.apache.tika.io.FilenameUtils,org.pitest.mutationtest.engine.gregor.mutators.MathMutator,getSanitizedEmbeddedFileName,190,KILLED,org.apache.tika.io.FilenameUtilsTest.[engine:junit-jupiter]/[class:org.apache.tika.io.FilenameUtilsTest]/[method:testEmbeddedFileNames()]
FilenameUtils.java,org.apache.tika.io.FilenameUtils,org.pitest.mutationtest.engine.gregor.mutators.NegateConditionalsMutator,getSanitizedEmbeddedFileName,147,KILLED,org.apache.tika.io.FilenameUtilsTest.[engine:junit-jupiter]/[class:org.apache.tika.io.FilenameUtilsTest]/[method:testEmbeddedFilePaths()]
FilenameUtils.java,org.apache.tika.io.FilenameUtils,org.pitest.mutationtest.engine.gregor.mutators.NegateConditionalsMutator,getSanitizedEmbeddedFileName,151,KILLED,org.apache.tika.io.FilenameUtilsTest.[engine:junit-jupiter]/[class:org.apache.tika.io.FilenameUtilsTest]/[method:testEmbeddedFileNames()]
FilenameUtils.java,org.apache.tika.io.FilenameUtils,org.pitest.mutationtest.engine.gregor.mutators.NegateConditionalsMutator,getSanitizedEmbeddedFileName,151,KILLED,org.apache.tika.io.FilenameUtilsTest.[engine:junit-jupiter]/[class:org.apache.tika.io.FilenameUtilsTest]/[method:testEmbeddedFileNames()]
FilenameUtils.java,org.apache.tika.io.FilenameUtils,org.pitest.mutationtest.engine.gregor.mutators.NegateConditionalsMutator,getSanitizedEmbeddedFileName,156,SURVIVED,none
FilenameUtils.java,org.apache.tika.io.FilenameUtils,org.pitest.mutationtest.engine.gregor.mutators.NegateConditionalsMutator,getSanitizedEmbeddedFileName,163,KILLED,org.apache.tika.io.FilenameUtilsTest.[engine:junit-jupiter]/[class:org.apache.tika.io.FilenameUtilsTest]/[method:testEmbeddedFilePaths()]
FilenameUtils.java,org.apache.tika.io.FilenameUtils,org.pitest.mutationtest.engine.gregor.mutators.NegateConditionalsMutator,getSanitizedEmbeddedFileName,167,KILLED,org.apache.tika.io.FilenameUtilsTest.[engine:junit-jupiter]/[class:org.apache.tika.io.FilenameUtilsTest]/[method:testEmbeddedFilePaths()]
FilenameUtils.java,org.apache.tika.io.FilenameUtils,org.pitest.mutationtest.engine.gregor.mutators.NegateConditionalsMutator,getSanitizedEmbeddedFileName,173,KILLED,org.apache.tika.io.FilenameUtilsTest.[engine:junit-jupiter]/[class:org.apache.tika.io.FilenameUtilsTest]/[method:testEmbeddedFilePaths()]
FilenameUtils.java,org.apache.tika.io.FilenameUtils,org.pitest.mutationtest.engine.gregor.mutators.NegateConditionalsMutator,getSanitizedEmbeddedFileName,184,KILLED,org.apache.tika.io.FilenameUtilsTest.[engine:junit-jupiter]/[class:org.apache.tika.io.FilenameUtilsTest]/[method:testEmbeddedFilePaths()]
FilenameUtils.java,org.apache.tika.io.FilenameUtils,org.pitest.mutationtest.engine.gregor.mutators.NegateConditionalsMutator,getSanitizedEmbeddedFileName,189,KILLED,org.apache.tika.io.FilenameUtilsTest.[engine:junit-jupiter]/[class:org.apache.tika.io.FilenameUtilsTest]/[method:testEmbeddedFilePaths()]
FilenameUtils.java,org.apache.tika.io.FilenameUtils,org.pitest.mutationtest.engine.gregor.mutators.returns.EmptyObjectReturnValsMutator,getSanitizedEmbeddedFileName,148,KILLED,org.apache.tika.io.FilenameUtilsTest.[engine:junit-jupiter]/[class:org.apache.tika.io.FilenameUtilsTest]/[method:testEmbeddedFileNames()]
FilenameUtils.java,org.apache.tika.io.FilenameUtils,org.pitest.mutationtest.engine.gregor.mutators.returns.EmptyObjectReturnValsMutator,getSanitizedEmbeddedFileName,164,KILLED,org.apache.tika.io.FilenameUtilsTest.[engine:junit-jupiter]/[class:org.apache.tika.io.FilenameUtilsTest]/[method:testEmbeddedFileNames()]
FilenameUtils.java,org.apache.tika.io.FilenameUtils,org.pitest.mutationtest.engine.gregor.mutators.returns.EmptyObjectReturnValsMutator,getSanitizedEmbeddedFileName,174,NO_COVERAGE,none
FilenameUtils.java,org.apache.tika.io.FilenameUtils,org.pitest.mutationtest.engine.gregor.mutators.returns.EmptyObjectReturnValsMutator,getSanitizedEmbeddedFileName,185,NO_COVERAGE,none
FilenameUtils.java,org.apache.tika.io.FilenameUtils,org.pitest.mutationtest.engine.gregor.mutators.returns.EmptyObjectReturnValsMutator,getSanitizedEmbeddedFileName,190,KILLED,org.apache.tika.io.FilenameUtilsTest.[engine:junit-jupiter]/[class:org.apache.tika.io.FilenameUtilsTest]/[method:testEmbeddedFileNames()]
FilenameUtils.java,org.apache.tika.io.FilenameUtils,org.pitest.mutationtest.engine.gregor.mutators.returns.EmptyObjectReturnValsMutator,getSanitizedEmbeddedFileName,192,KILLED,org.apache.tika.io.FilenameUtilsTest.[engine:junit-jupiter]/[class:org.apache.tika.io.FilenameUtilsTest]/[method:testEmbeddedFilePaths()]
FilenameUtils.java,org.apache.tika.io.FilenameUtils,org.pitest.mutationtest.engine.gregor.mutators.ConditionalsBoundaryMutator,getSanitizedEmbeddedFilePath,215,SURVIVED,none
FilenameUtils.java,org.apache.tika.io.FilenameUtils,org.pitest.mutationtest.engine.gregor.mutators.ConditionalsBoundaryMutator,getSanitizedEmbeddedFilePath,235,KILLED,org.apache.tika.io.FilenameUtilsTest.[engine:junit-jupiter]/[class:org.apache.tika.io.FilenameUtilsTest]/[method:testEmbeddedFilePaths()]
FilenameUtils.java,org.apache.tika.io.FilenameUtils,org.pitest.mutationtest.engine.gregor.mutators.ConditionalsBoundaryMutator,getSanitizedEmbeddedFilePath,264,SURVIVED,none
FilenameUtils.java,org.apache.tika.io.FilenameUtils,org.pitest.mutationtest.engine.gregor.mutators.ConditionalsBoundaryMutator,getSanitizedEmbeddedFilePath,265,SURVIVED,none
FilenameUtils.java,org.apache.tika.io.FilenameUtils,org.pitest.mutationtest.engine.gregor.mutators.MathMutator,getSanitizedEmbeddedFilePath,236,KILLED,org.apache.tika.io.FilenameUtilsTest.[engine:junit-jupiter]/[class:org.apache.tika.io.FilenameUtilsTest]/[method:testEmbeddedFilePaths()]
FilenameUtils.java,org.apache.tika.io.FilenameUtils,org.pitest.mutationtest.engine.gregor.mutators.MathMutator,getSanitizedEmbeddedFilePath,236,KILLED,org.apache.tika.io.FilenameUtilsTest.[engine:junit-jupiter]/[class:org.apache.tika.io.FilenameUtilsTest]/[method:testEmbeddedFilePaths()]
FilenameUtils.java,org.apache.tika.io.FilenameUtils,org.pitest.mutationtest.engine.gregor.mutators.MathMutator,getSanitizedEmbeddedFilePath,247,KILLED,org.apache.tika.io.FilenameUtilsTest.[engine:junit-jupiter]/[class:org.apache.tika.io.FilenameUtilsTest]/[method:testEmbeddedFilePaths()]
FilenameUtils.java,org.apache.tika.io.FilenameUtils,org.pitest.mutationtest.engine.gregor.mutators.MathMutator,getSanitizedEmbeddedFilePath,266,KILLED,org.apache.tika.io.FilenameUtilsTest.[engine:junit-jupiter]/[class:org.apache.tika.io.FilenameUtilsTest]/[method:testEmbeddedFilePaths()]
FilenameUtils.java,org.apache.tika.io.FilenameUtils,org.pitest.mutationtest.engine.gregor.mutators.MathMutator,getSanitizedEmbeddedFilePath,266,KILLED,org.apache.tika.io.FilenameUtilsTest.[engine:junit-jupiter]/[class:org.apache.tika.io.FilenameUtilsTest]/[method:testEmbeddedFilePaths()]
FilenameUtils.java,org.apache.tika.io.FilenameUtils,org.pitest.mutationtest.engine.gregor.mutators.NegateConditionalsMutator,getSanitizedEmbeddedFilePath,210,KILLED,org.apache.tika.io.FilenameUtilsTest.[engine:junit-jupiter]/[class:org.apache.tika.io.FilenameUtilsTest]/[method:testEmbeddedFilePaths()]
FilenameUtils.java,org.apache.tika.io.FilenameUtils,org.pitest.mutationtest.engine.gregor.mutators.NegateConditionalsMutator,getSanitizedEmbeddedFilePath,215,KILLED,org.apache.tika.io.FilenameUtilsTest.[engine:junit-jupiter]/[class:org.apache.tika.io.FilenameUtilsTest]/[method:testEmbeddedFilePaths()]
FilenameUtils.java,org.apache.tika.io.FilenameUtils,org.pitest.mutationtest.engine.gregor.mutators.NegateConditionalsMutator,getSanitizedEmbeddedFilePath,225,KILLED,org.apache.tika.io.FilenameUtilsTest.[engine:junit-jupiter]/[class:org.apache.tika.io.FilenameUtilsTest]/[method:testEmbeddedFilePaths()]
FilenameUtils.java,org.apache.tika.io.FilenameUtils,org.pitest.mutationtest.engine.gregor.mutators.NegateConditionalsMutator,getSanitizedEmbeddedFilePath,231,KILLED,org.apache.tika.io.FilenameUtilsTest.[engine:junit-jupiter]/[class:org.apache.tika.io.FilenameUtilsTest]/[method:testEmbeddedFilePaths()]
FilenameUtils.java,org.apache.tika.io.FilenameUtils,org.pitest.mutationtest.engine.gregor.mutators.NegateConditionalsMutator,getSanitizedEmbeddedFilePath,235,KILLED,org.apache.tika.io.FilenameUtilsTest.[engine:junit-jupiter]/[class:org.apache.tika.io.FilenameUtilsTest]/[method:testEmbeddedFilePaths()]
FilenameUtils.java,org.apache.tika.io.FilenameUtils,org.pitest.mutationtest.engine.gregor.mutators.NegateConditionalsMutator,getSanitizedEmbeddedFilePath,239,KILLED,org.apache.tika.io.FilenameUtilsTest.[engine:junit-jupiter]/[class:org.apache.tika.io.FilenameUtilsTest]/[method:testEmbeddedFilePaths()]
FilenameUtils.java,org.apache.tika.io.FilenameUtils,org.pitest.mutationtest.engine.gregor.mutators.NegateConditionalsMutator,getSanitizedEmbeddedFilePath,243,KILLED,org.apache.tika.io.FilenameUtilsTest.[engine:junit-jupiter]/[class:org.apache.tika.io.FilenameUtilsTest]/[method:testEmbeddedFilePaths()]
FilenameUtils.java,org.apache.tika.io.FilenameUtils,org.pitest.mutationtest.engine.gregor.mutators.NegateConditionalsMutator,getSanitizedEmbeddedFilePath,249,KILLED,org.apache.tika.io.FilenameUtilsTest.[engine:junit-jupiter]/[class:org.apache.tika.io.FilenameUtilsTest]/[method:testEmbeddedFilePaths()]
FilenameUtils.java,org.apache.tika.io.FilenameUtils,org.pitest.mutationtest.engine.gregor.mutators.NegateConditionalsMutator,getSanitizedEmbeddedFilePath,258,KILLED,org.apache.tika.io.FilenameUtilsTest.[engine:junit-jupiter]/[class:org.apache.tika.io.FilenameUtilsTest]/[method:testEmbeddedFilePaths()]
FilenameUtils.java,org.apache.tika.io.FilenameUtils,org.pitest.mutationtest.engine.gregor.mutators.NegateConditionalsMutator,getSanitizedEmbeddedFilePath,261,KILLED,org.apache.tika.io.FilenameUtilsTest.[engine:junit-jupiter]/[class:org.apache.tika.io.FilenameUtilsTest]/[method:testEmbeddedFilePaths()]
FilenameUtils.java,org.apache.tika.io.FilenameUtils,org.pitest.mutationtest.engine.gregor.mutators.NegateConditionalsMutator,getSanitizedEmbeddedFilePath,264,KILLED,org.apache.tika.io.FilenameUtilsTest.[engine:junit-jupiter]/[class:org.apache.tika.io.FilenameUtilsTest]/[method:testEmbeddedFilePaths()]
FilenameUtils.java,org.apache.tika.io.FilenameUtils,org.pitest.mutationtest.engine.gregor.mutators.NegateConditionalsMutator,getSanitizedEmbeddedFilePath,265,KILLED,org.apache.tika.io.FilenameUtilsTest.[engine:junit-jupiter]/[class:org.apache.tika.io.FilenameUtilsTest]/[method:testEmbeddedFilePaths()]
FilenameUtils.java,org.apache.tika.io.FilenameUtils,org.pitest.mutationtest.engine.gregor.mutators.returns.EmptyObjectReturnValsMutator,getSanitizedEmbeddedFilePath,211,KILLED,org.apache.tika.io.FilenameUtilsTest.[engine:junit-jupiter]/[class:org.apache.tika.io.FilenameUtilsTest]/[method:testEmbeddedFilePaths()]
FilenameUtils.java,org.apache.tika.io.FilenameUtils,org.pitest.mutationtest.engine.gregor.mutators.returns.EmptyObjectReturnValsMutator,getSanitizedEmbeddedFilePath,226,KILLED,org.apache.tika.io.FilenameUtilsTest.[engine:junit-jupiter]/[class:org.apache.tika.io.FilenameUtilsTest]/[method:testEmbeddedFilePaths()]
FilenameUtils.java,org.apache.tika.io.FilenameUtils,org.pitest.mutationtest.engine.gregor.mutators.returns.EmptyObjectReturnValsMutator,getSanitizedEmbeddedFilePath,232,NO_COVERAGE,none
FilenameUtils.java,org.apache.tika.io.FilenameUtils,org.pitest.mutationtest.engine.gregor.mutators.returns.EmptyObjectReturnValsMutator,getSanitizedEmbeddedFilePath,240,KILLED,org.apache.tika.io.FilenameUtilsTest.[engine:junit-jupiter]/[class:org.apache.tika.io.FilenameUtilsTest]/[method:testEmbeddedFilePaths()]
FilenameUtils.java,org.apache.tika.io.FilenameUtils,org.pitest.mutationtest.engine.gregor.mutators.returns.EmptyObjectReturnValsMutator,getSanitizedEmbeddedFilePath,250,NO_COVERAGE,none
FilenameUtils.java,org.apache.tika.io.FilenameUtils,org.pitest.mutationtest.engine.gregor.mutators.returns.EmptyObjectReturnValsMutator,getSanitizedEmbeddedFilePath,259,NO_COVERAGE,none
FilenameUtils.java,org.apache.tika.io.FilenameUtils,org.pitest.mutationtest.engine.gregor.mutators.returns.EmptyObjectReturnValsMutator,getSanitizedEmbeddedFilePath,266,KILLED,org.apache.tika.io.FilenameUtilsTest.[engine:junit-jupiter]/[class:org.apache.tika.io.FilenameUtilsTest]/[method:testEmbeddedFilePaths()]
FilenameUtils.java,org.apache.tika.io.FilenameUtils,org.pitest.mutationtest.engine.gregor.mutators.returns.EmptyObjectReturnValsMutator,getSanitizedEmbeddedFilePath,268,NO_COVERAGE,none
FilenameUtils.java,org.apache.tika.io.FilenameUtils,org.pitest.mutationtest.engine.gregor.mutators.returns.EmptyObjectReturnValsMutator,getSanitizedEmbeddedFilePath,270,KILLED,org.apache.tika.io.FilenameUtilsTest.[engine:junit-jupiter]/[class:org.apache.tika.io.FilenameUtilsTest]/[method:testEmbeddedFilePaths()]
FilenameUtils.java,org.apache.tika.io.FilenameUtils,org.pitest.mutationtest.engine.gregor.mutators.ConditionalsBoundaryMutator,getSuffixFromPath,134,KILLED,org.apache.tika.io.FilenameUtilsTest.[engine:junit-jupiter]/[class:org.apache.tika.io.FilenameUtilsTest]/[method:testEmbeddedFileNames()]
FilenameUtils.java,org.apache.tika.io.FilenameUtils,org.pitest.mutationtest.engine.gregor.mutators.ConditionalsBoundaryMutator,getSuffixFromPath,134,SURVIVED,none
FilenameUtils.java,org.apache.tika.io.FilenameUtils,org.pitest.mutationtest.engine.gregor.mutators.MathMutator,getSuffixFromPath,134,KILLED,org.apache.tika.io.FilenameUtilsTest.[engine:junit-jupiter]/[class:org.apache.tika.io.FilenameUtilsTest]/[method:testExtension()]
FilenameUtils.java,org.apache.tika.io.FilenameUtils,org.pitest.mutationtest.engine.gregor.mutators.NegateConditionalsMutator,getSuffixFromPath,134,KILLED,org.apache.tika.io.FilenameUtilsTest.[engine:junit-jupiter]/[class:org.apache.tika.io.FilenameUtilsTest]/[method:testExtension()]
FilenameUtils.java,org.apache.tika.io.FilenameUtils,org.pitest.mutationtest.engine.gregor.mutators.NegateConditionalsMutator,getSuffixFromPath,134,KILLED,org.apache.tika.io.FilenameUtilsTest.[engine:junit-jupiter]/[class:org.apache.tika.io.FilenameUtilsTest]/[method:testExtension()]
FilenameUtils.java,org.apache.tika.io.FilenameUtils,org.pitest.mutationtest.engine.gregor.mutators.NegateConditionalsMutator,getSuffixFromPath,136,KILLED,org.apache.tika.io.FilenameUtilsTest.[engine:junit-jupiter]/[class:org.apache.tika.io.FilenameUtilsTest]/[method:testExtension()]
FilenameUtils.java,org.apache.tika.io.FilenameUtils,org.pitest.mutationtest.engine.gregor.mutators.returns.EmptyObjectReturnValsMutator,getSuffixFromPath,137,KILLED,org.apache.tika.io.FilenameUtilsTest.[engine:junit-jupiter]/[class:org.apache.tika.io.FilenameUtilsTest]/[method:testExtension()]
FilenameUtils.java,org.apache.tika.io.FilenameUtils,org.pitest.mutationtest.engine.gregor.mutators.NegateConditionalsMutator,lookupExtension,410,KILLED,org.apache.tika.io.FilenameUtilsTest.[engine:junit-jupiter]/[class:org.apache.tika.io.FilenameUtilsTest]/[method:testEmbeddedFilePaths()]
FilenameUtils.java,org.apache.tika.io.FilenameUtils,org.pitest.mutationtest.engine.gregor.mutators.returns.EmptyObjectReturnValsMutator,lookupExtension,411,KILLED,org.apache.tika.io.FilenameUtilsTest.[engine:junit-jupiter]/[class:org.apache.tika.io.FilenameUtilsTest]/[method:testEmbeddedFilePaths()]
FilenameUtils.java,org.apache.tika.io.FilenameUtils,org.pitest.mutationtest.engine.gregor.mutators.returns.EmptyObjectReturnValsMutator,lookupExtension,416,NO_COVERAGE,none
FilenameUtils.java,org.apache.tika.io.FilenameUtils,org.pitest.mutationtest.engine.gregor.mutators.ConditionalsBoundaryMutator,normalize,77,KILLED,org.apache.tika.io.FilenameUtilsTest.[engine:junit-jupiter]/[class:org.apache.tika.io.FilenameUtilsTest]/[method:normalizeWithNotPrintableChars()]
FilenameUtils.java,org.apache.tika.io.FilenameUtils,org.pitest.mutationtest.engine.gregor.mutators.NegateConditionalsMutator,normalize,69,KILLED,org.apache.tika.io.FilenameUtilsTest.[engine:junit-jupiter]/[class:org.apache.tika.io.FilenameUtilsTest]/[method:normalizeNothingTodo()]
FilenameUtils.java,org.apache.tika.io.FilenameUtils,org.pitest.mutationtest.engine.gregor.mutators.NegateConditionalsMutator,normalize,76,KILLED,org.apache.tika.io.FilenameUtilsTest.[engine:junit-jupiter]/[class:org.apache.tika.io.FilenameUtilsTest]/[method:normalizeNothingTodo()]
FilenameUtils.java,org.apache.tika.io.FilenameUtils,org.pitest.mutationtest.engine.gregor.mutators.NegateConditionalsMutator,normalize,77,KILLED,org.apache.tika.io.FilenameUtilsTest.[engine:junit-jupiter]/[class:org.apache.tika.io.FilenameUtilsTest]/[method:normalizeWithReservedChars()]
FilenameUtils.java,org.apache.tika.io.FilenameUtils,org.pitest.mutationtest.engine.gregor.mutators.returns.EmptyObjectReturnValsMutator,normalize,84,KILLED,org.apache.tika.io.FilenameUtilsTest.[engine:junit-jupiter]/[class:org.apache.tika.io.FilenameUtilsTest]/[method:normalizeNothingTodo()]
FilenameUtils.java,org.apache.tika.io.FilenameUtils,org.pitest.mutationtest.engine.gregor.mutators.ConditionalsBoundaryMutator,removeProtocol,335,KILLED,org.apache.tika.io.FilenameUtilsTest.[engine:junit-jupiter]/[class:org.apache.tika.io.FilenameUtilsTest]/[method:testEmbeddedFilePaths()]
FilenameUtils.java,org.apache.tika.io.FilenameUtils,org.pitest.mutationtest.engine.gregor.mutators.NegateConditionalsMutator,removeProtocol,332,KILLED,org.apache.tika.io.FilenameUtilsTest.[engine:junit-jupiter]/[class:org.apache.tika.io.FilenameUtilsTest]/[method:testEmbeddedFilePaths()]
FilenameUtils.java,org.apache.tika.io.FilenameUtils,org.pitest.mutationtest.engine.gregor.mutators.NegateConditionalsMutator,removeProtocol,335,KILLED,org.apache.tika.io.FilenameUtilsTest.[engine:junit-jupiter]/[class:org.apache.tika.io.FilenameUtilsTest]/[method:testEmbeddedFilePaths()]
FilenameUtils.java,org.apache.tika.io.FilenameUtils,org.pitest.mutationtest.engine.gregor.mutators.returns.EmptyObjectReturnValsMutator,removeProtocol,336,KILLED,org.apache.tika.io.FilenameUtilsTest.[engine:junit-jupiter]/[class:org.apache.tika.io.FilenameUtilsTest]/[method:testEmbeddedFilePaths()]
FilenameUtils.java,org.apache.tika.io.FilenameUtils,org.pitest.mutationtest.engine.gregor.mutators.returns.EmptyObjectReturnValsMutator,removeProtocol,338,KILLED,org.apache.tika.io.FilenameUtilsTest.[engine:junit-jupiter]/[class:org.apache.tika.io.FilenameUtilsTest]/[method:testEmbeddedFilePaths()]
FilenameUtils.java,org.apache.tika.io.FilenameUtils,org.pitest.mutationtest.engine.gregor.mutators.NegateConditionalsMutator,resolveWithin,298,KILLED,org.apache.tika.io.FilenameUtilsTest.[engine:junit-jupiter]/[class:org.apache.tika.io.FilenameUtilsTest]/[method:testResolveWithin()]
FilenameUtils.java,org.apache.tika.io.FilenameUtils,org.pitest.mutationtest.engine.gregor.mutators.NegateConditionalsMutator,resolveWithin,305,SURVIVED,none
FilenameUtils.java,org.apache.tika.io.FilenameUtils,org.pitest.mutationtest.engine.gregor.mutators.NegateConditionalsMutator,resolveWithin,305,NO_COVERAGE,none
FilenameUtils.java,org.apache.tika.io.FilenameUtils,org.pitest.mutationtest.engine.gregor.mutators.NegateConditionalsMutator,resolveWithin,308,NO_COVERAGE,none
FilenameUtils.java,org.apache.tika.io.FilenameUtils,org.pitest.mutationtest.engine.gregor.mutators.returns.NullReturnValsMutator,resolveWithin,315,KILLED,org.apache.tika.io.FilenameUtilsTest.[engine:junit-jupiter]/[class:org.apache.tika.io.FilenameUtilsTest]/[method:testResolveWithin()]
